customer_id,customer_name,risk_score,risk_segment,reason_code,crm_action,crm_channel,crm_kpi,Age,Gender,Marital Status,Occupation,Monthly Income,Family size
CUST-0250,Rizky Lestari,0.8818059713229208,High Risk,Time Risk,Fast delivery voucher dan rekomendasi restoran terdekat,"Push notification, WhatsApp, in-app","Reorder rate, voucher redemption, penurunan churn risk",26,Male,Married,Employee,10001 to 25000,3
CUST-0243,Eka Pratama,0.8802746938354394,High Risk,Time Risk,Fast delivery voucher dan rekomendasi restoran terdekat,"Push notification, WhatsApp, in-app","Reorder rate, voucher redemption, penurunan churn risk",28,Female,Married,Employee,25001 to 50000,6
CUST-0270,Putri Pertiwi,0.87950304976439,High Risk,Time Risk,Fast delivery voucher dan rekomendasi restoran terdekat,"Push notification, WhatsApp, in-app","Reorder rate, voucher redemption, penurunan churn risk",28,Female,Married,Employee,25001 to 50000,5
CUST-0273,Yuni Nugroho,0.8749673567325857,High Risk,Time Risk,Fast delivery voucher dan rekomendasi restoran terdekat,"Push notification, WhatsApp, in-app","Reorder rate, voucher redemption, penurunan churn risk",27,Female,Married,Self Employeed,More than 50000,6
CUST-0267,Lina Maulana,0.8748565326957103,High Risk,Time Risk,Fast delivery voucher dan rekomendasi restoran terdekat,"Push notification, WhatsApp, in-app","Reorder rate, voucher redemption, penurunan churn risk",26,Female,Married,Employee,10001 to 25000,2
CUST-0219,Farhan Hidayat,0.8676506159473754,High Risk,Time Risk,Fast delivery voucher dan rekomendasi restoran terdekat,"Push notification, WhatsApp, in-app","Reorder rate, voucher redemption, penurunan churn risk",29,Male,Single,Employee,25001 to 50000,3
CUST-0230,Putri Ananda,0.8675328093816427,High Risk,Time Risk,Fast delivery voucher dan rekomendasi restoran terdekat,"Push notification, WhatsApp, in-app","Reorder rate, voucher redemption, penurunan churn risk",26,Female,Married,Employee,Below Rs.10000,6
CUST-0106,Rama Firmansyah,0.8658582355757294,High Risk,Time Risk,Fast delivery voucher dan rekomendasi restoran terdekat,"Push notification, WhatsApp, in-app","Reorder rate, voucher redemption, penurunan churn risk",24,Male,Prefer not to say,Self Employeed,More than 50000,2
CUST-0282,Dewi Putra,0.851836165758694,High Risk,Time Risk,Fast delivery voucher dan rekomendasi restoran terdekat,"Push notification, WhatsApp, in-app","Reorder rate, voucher redemption, penurunan churn risk",25,Female,Single,Employee,More than 50000,6
CUST-0281,Andi Putra,0.8500324353288764,High Risk,Time Risk,Fast delivery voucher dan rekomendasi restoran terdekat,"Push notification, WhatsApp, in-app","Reorder rate, voucher redemption, penurunan churn risk",28,Male,Single,Employee,25001 to 50000,2
CUST-0232,Rafi Mahendra,0.849573294143529,High Risk,Time Risk,Fast delivery voucher dan rekomendasi restoran terdekat,"Push notification, WhatsApp, in-app","Reorder rate, voucher redemption, penurunan churn risk",31,Male,Prefer not to say,Employee,Below Rs.10000,1
CUST-0153,Agus Nugroho,0.8382840979251129,High Risk,Time Risk,Fast delivery voucher dan rekomendasi restoran terdekat,"Push notification, WhatsApp, in-app","Reorder rate, voucher redemption, penurunan churn risk",20,Male,Single,Student,No Income,2
CUST-0172,Vina Mahendra,0.8354817210258073,High Risk,Time Risk,Fast delivery voucher dan rekomendasi restoran terdekat,"Push notification, WhatsApp, in-app","Reorder rate, voucher redemption, penurunan churn risk",26,Female,Married,Employee,25001 to 50000,2
CUST-0276,Tari Wibowo,0.833322849733457,High Risk,Time Risk,Fast delivery voucher dan rekomendasi restoran terdekat,"Push notification, WhatsApp, in-app","Reorder rate, voucher redemption, penurunan churn risk",25,Female,Married,Employee,More than 50000,1
CUST-0241,Andi Pratama,0.833148898208117,High Risk,Time Risk,Fast delivery voucher dan rekomendasi restoran terdekat,"Push notification, WhatsApp, in-app","Reorder rate, voucher redemption, penurunan churn risk",30,Male,Married,Self Employeed,25001 to 50000,6
CUST-0150,Putri Pertiwi,0.818105160658612,High Risk,Time Risk,Fast delivery voucher dan rekomendasi restoran terdekat,"Push notification, WhatsApp, in-app","Reorder rate, voucher redemption, penurunan churn risk",27,Female,Single,Student,No Income,5
CUST-0145,Joko Maulana,0.8168921285820231,High Risk,Time Risk,Fast delivery voucher dan rekomendasi restoran terdekat,"Push notification, WhatsApp, in-app","Reorder rate, voucher redemption, penurunan churn risk",26,Male,Single,Employee,More than 50000,3
CUST-0238,Rani Syahputra,0.8154588620784834,High Risk,Time Risk,Fast delivery voucher dan rekomendasi restoran terdekat,"Push notification, WhatsApp, in-app","Reorder rate, voucher redemption, penurunan churn risk",30,Female,Married,House wife,No Income,6
CUST-0113,Agus Mahendra,0.8152692487562407,High Risk,Time Risk,Fast delivery voucher dan rekomendasi restoran terdekat,"Push notification, WhatsApp, in-app","Reorder rate, voucher redemption, penurunan churn risk",24,Male,Married,Self Employeed,More than 50000,6
CUST-0193,Yuni Permana,0.8064142579693232,High Risk,Time Risk,Fast delivery voucher dan rekomendasi restoran terdekat,"Push notification, WhatsApp, in-app","Reorder rate, voucher redemption, penurunan churn risk",29,Female,Married,Employee,25001 to 50000,4
CUST-0124,Indra Saputra,0.7952574195121496,High Risk,Time Risk,Fast delivery voucher dan rekomendasi restoran terdekat,"Push notification, WhatsApp, in-app","Reorder rate, voucher redemption, penurunan churn risk",33,Male,Married,Employee,More than 50000,5
CUST-0275,Nisa Wibowo,0.7952523970404662,High Risk,Time Risk,Fast delivery voucher dan rekomendasi restoran terdekat,"Push notification, WhatsApp, in-app","Reorder rate, voucher redemption, penurunan churn risk",24,Female,Single,Student,No Income,5
CUST-0167,Tono Firmansyah,0.79355324764784,High Risk,Time Risk,Fast delivery voucher dan rekomendasi restoran terdekat,"Push notification, WhatsApp, in-app","Reorder rate, voucher redemption, penurunan churn risk",22,Male,Single,Student,No Income,2
CUST-0228,Wahyu Firmansyah,0.7906626832701186,High Risk,Time Risk,Fast delivery voucher dan rekomendasi restoran terdekat,"Push notification, WhatsApp, in-app","Reorder rate, voucher redemption, penurunan churn risk",30,Male,Married,Self Employeed,More than 50000,1
CUST-0212,Vina Nugroho,0.78768489338302,High Risk,Time Risk,Fast delivery voucher dan rekomendasi restoran terdekat,"Push notification, WhatsApp, in-app","Reorder rate, voucher redemption, penurunan churn risk",26,Female,Married,Self Employeed,10001 to 25000,5
CUST-0261,Andi Kurniawan,0.7875497611087464,High Risk,Time Risk,Fast delivery voucher dan rekomendasi restoran terdekat,"Push notification, WhatsApp, in-app","Reorder rate, voucher redemption, penurunan churn risk",30,Male,Married,Employee,More than 50000,5
CUST-0274,Dina Wibowo,0.785873115132446,High Risk,Time Risk,Fast delivery voucher dan rekomendasi restoran terdekat,"Push notification, WhatsApp, in-app","Reorder rate, voucher redemption, penurunan churn risk",25,Female,Married,Employee,25001 to 50000,3
CUST-0091,Sari Nugroho,0.7857042929755218,High Risk,Time Risk,Fast delivery voucher dan rekomendasi restoran terdekat,"Push notification, WhatsApp, in-app","Reorder rate, voucher redemption, penurunan churn risk",32,Female,Married,House wife,No Income,3
CUST-0142,Budi Ramadhani,0.7828830712020429,High Risk,Time Risk,Fast delivery voucher dan rekomendasi restoran terdekat,"Push notification, WhatsApp, in-app","Reorder rate, voucher redemption, penurunan churn risk",27,Male,Married,Employee,More than 50000,5
CUST-0255,Nisa Permana,0.7821553131182464,High Risk,Time Risk,Fast delivery voucher dan rekomendasi restoran terdekat,"Push notification, WhatsApp, in-app","Reorder rate, voucher redemption, penurunan churn risk",21,Female,Single,Employee,Below Rs.10000,2
CUST-0160,Doni Putra,0.7753645655285201,High Risk,Time Risk,Fast delivery voucher dan rekomendasi restoran terdekat,"Push notification, WhatsApp, in-app","Reorder rate, voucher redemption, penurunan churn risk",22,Male,Single,Student,No Income,2
CUST-0196,Hendra Santoso,0.7647652142388816,High Risk,Time Risk,Fast delivery voucher dan rekomendasi restoran terdekat,"Push notification, WhatsApp, in-app","Reorder rate, voucher redemption, penurunan churn risk",21,Male,Single,Student,No Income,2
CUST-0109,Nanda Ananda,0.7609015891605437,High Risk,Time Risk,Fast delivery voucher dan rekomendasi restoran terdekat,"Push notification, WhatsApp, in-app","Reorder rate, voucher redemption, penurunan churn risk",27,Female,Married,Self Employeed,More than 50000,5
CUST-0223,Eka Salsabila,0.7470962289198073,High Risk,Time Risk,Fast delivery voucher dan rekomendasi restoran terdekat,"Push notification, WhatsApp, in-app","Reorder rate, voucher redemption, penurunan churn risk",23,Female,Single,Student,No Income,3
CUST-0183,Eka Pratama,0.7455937476004979,High Risk,Time Risk,Fast delivery voucher dan rekomendasi restoran terdekat,"Push notification, WhatsApp, in-app","Reorder rate, voucher redemption, penurunan churn risk",23,Female,Single,Student,No Income,2
CUST-0161,Andi Putra,0.7426660745335643,High Risk,Time Risk,Fast delivery voucher dan rekomendasi restoran terdekat,"Push notification, WhatsApp, in-app","Reorder rate, voucher redemption, penurunan churn risk",26,Male,Married,Self Employeed,More than 50000,3
CUST-0254,Dimas Permana,0.7331828034931231,High Risk,Time Risk,Fast delivery voucher dan rekomendasi restoran terdekat,"Push notification, WhatsApp, in-app","Reorder rate, voucher redemption, penurunan churn risk",23,Male,Single,Employee,10001 to 25000,2
CUST-0216,Tari Wibowo,0.7327284934723637,High Risk,Time Risk,Fast delivery voucher dan rekomendasi restoran terdekat,"Push notification, WhatsApp, in-app","Reorder rate, voucher redemption, penurunan churn risk",24,Female,Single,Self Employeed,25001 to 50000,3
CUST-0129,Zaki Wijaya,0.7315132962041723,High Risk,Time Risk,Fast delivery voucher dan rekomendasi restoran terdekat,"Push notification, WhatsApp, in-app","Reorder rate, voucher redemption, penurunan churn risk",25,Male,Married,Employee,25001 to 50000,2
CUST-0246,Rama Saputra,0.7181016615767192,High Risk,Time Risk,Fast delivery voucher dan rekomendasi restoran terdekat,"Push notification, WhatsApp, in-app","Reorder rate, voucher redemption, penurunan churn risk",21,Male,Single,Student,No Income,2
CUST-0206,Rama Maulana,0.6880790958224707,Medium Risk,Time Risk,Promo makan siang cepat dan reminder jam makan,"Email, in-app, push notification","Repeat order, frequency, campaign conversion",26,Male,Married,Employee,10001 to 25000,4
CUST-0190,Rizky Lestari,0.6824588388149749,Medium Risk,Time Risk,Promo makan siang cepat dan reminder jam makan,"Email, in-app, push notification","Repeat order, frequency, campaign conversion",29,Male,Married,Employee,25001 to 50000,4
CUST-0277,Ayu Hidayat,0.6813210771215991,Medium Risk,Time Risk,Promo makan siang cepat dan reminder jam makan,"Email, in-app, push notification","Repeat order, frequency, campaign conversion",25,Female,Prefer not to say,Employee,25001 to 50000,3
CUST-0104,Gita Salsabila,0.6746220557136797,Medium Risk,Time Risk,Promo makan siang cepat dan reminder jam makan,"Email, in-app, push notification","Repeat order, frequency, campaign conversion",25,Female,Married,Employee,25001 to 50000,4
CUST-0131,Bayu Lestari,0.6618921447417891,Medium Risk,Time Risk,Promo makan siang cepat dan reminder jam makan,"Email, in-app, push notification","Repeat order, frequency, campaign conversion",24,Male,Single,Student,No Income,3
CUST-0177,Bagas Utami,0.6556125844144002,Medium Risk,Time Risk,Promo makan siang cepat dan reminder jam makan,"Email, in-app, push notification","Repeat order, frequency, campaign conversion",26,Male,Single,Employee,25001 to 50000,2
CUST-0085,Hana Maulana,0.6436116820722839,Medium Risk,Promo Risk,Loyalty point dan bundle promo,"Email, in-app, push notification","Repeat order, frequency, campaign conversion",27,Female,Prefer not to say,Employee,25001 to 50000,5
CUST-0164,Gita Salsabila,0.6399475743587962,Medium Risk,Time Risk,Promo makan siang cepat dan reminder jam makan,"Email, in-app, push notification","Repeat order, frequency, campaign conversion",29,Female,Married,Employee,More than 50000,3
CUST-0086,Rama Maulana,0.6353606825684949,Medium Risk,Service Risk,Promo personal dan rekomendasi restoran sesuai preferensi,"Email, in-app, push notification","Repeat order, frequency, campaign conversion",26,Male,Single,Self Employeed,10001 to 25000,1
CUST-0163,Eka Salsabila,0.6278796692001971,Medium Risk,Convenience Risk,Promo personal dan rekomendasi restoran sesuai preferensi,"Email, in-app, push notification","Repeat order, frequency, campaign conversion",25,Female,Married,Self Employeed,25001 to 50000,3
CUST-0122,Dewi Pratama,0.6225908538348878,Medium Risk,Service Risk,Promo personal dan rekomendasi restoran sesuai preferensi,"Email, in-app, push notification","Repeat order, frequency, campaign conversion",27,Female,Married,Employee,25001 to 50000,2
CUST-0205,Hana Maulana,0.6110903749618665,Medium Risk,Time Risk,Promo makan siang cepat dan reminder jam makan,"Email, in-app, push notification","Repeat order, frequency, campaign conversion",23,Female,Single,Student,No Income,2
CUST-0173,Agus Mahendra,0.609787393373711,Medium Risk,Time Risk,Promo makan siang cepat dan reminder jam makan,"Email, in-app, push notification","Repeat order, frequency, campaign conversion",31,Male,Married,Self Employeed,More than 50000,6
CUST-0084,Indra Ramadhani,0.5961486935174436,Medium Risk,Convenience Risk,Promo personal dan rekomendasi restoran sesuai preferensi,"Email, in-app, push notification","Repeat order, frequency, campaign conversion",28,Male,Married,Self Employeed,10001 to 25000,2
CUST-0096,Hendra Wibowo,0.5930740457818264,Medium Risk,Service Risk,Promo personal dan rekomendasi restoran sesuai preferensi,"Email, in-app, push notification","Repeat order, frequency, campaign conversion",28,Male,Married,Employee,More than 50000,3
CUST-0149,Zaki Pertiwi,0.5449060121376507,Medium Risk,Time Risk,Promo makan siang cepat dan reminder jam makan,"Email, in-app, push notification","Repeat order, frequency, campaign conversion",27,Male,Single,Employee,More than 50000,4
CUST-0118,Rani Syahputra,0.5312186642820066,Medium Risk,Service Risk,Promo personal dan rekomendasi restoran sesuai preferensi,"Email, in-app, push notification","Repeat order, frequency, campaign conversion",32,Female,Married,Employee,More than 50000,1
CUST-0099,Farhan Hidayat,0.5097612737966908,Medium Risk,Service Risk,Promo personal dan rekomendasi restoran sesuai preferensi,"Email, in-app, push notification","Repeat order, frequency, campaign conversion",25,Male,Single,Employee,Below Rs.10000,2
CUST-0101,Andi Putra,0.5076210457683599,Medium Risk,Time Risk,Promo makan siang cepat dan reminder jam makan,"Email, in-app, push notification","Repeat order, frequency, campaign conversion",21,Male,Single,Student,No Income,4
CUST-0286,Rama Firmansyah,0.4811100819237929,Medium Risk,Service Risk,Promo personal dan rekomendasi restoran sesuai preferensi,"Email, in-app, push notification","Repeat order, frequency, campaign conversion",30,Male,Married,Employee,More than 50000,6
CUST-0224,Indra Salsabila,0.4784261404713102,Medium Risk,Service Risk,Promo personal dan rekomendasi restoran sesuai preferensi,"Email, in-app, push notification","Repeat order, frequency, campaign conversion",32,Male,Married,Employee,More than 50000,6
CUST-0139,Fitri Kurniawan,0.4765265448149234,Medium Risk,Time Risk,Promo makan siang cepat dan reminder jam makan,"Email, in-app, push notification","Repeat order, frequency, campaign conversion",24,Female,Married,Self Employeed,10001 to 25000,5
CUST-0127,Tono Wijaya,0.4722439212399119,Medium Risk,Service Risk,Promo personal dan rekomendasi restoran sesuai preferensi,"Email, in-app, push notification","Repeat order, frequency, campaign conversion",23,Male,Single,Student,No Income,3
CUST-0194,Dimas Permana,0.4522580945325136,Medium Risk,Time Risk,Promo makan siang cepat dan reminder jam makan,"Email, in-app, push notification","Repeat order, frequency, campaign conversion",27,Male,Married,Self Employeed,25001 to 50000,6
CUST-0201,Andi Kurniawan,0.4501313501804606,Medium Risk,General Risk,Promo personal dan rekomendasi restoran sesuai preferensi,"Email, in-app, push notification","Repeat order, frequency, campaign conversion",26,Male,Single,Employee,10001 to 25000,2
CUST-0247,Lina Wijaya,0.4426107235025235,Medium Risk,General Risk,Promo personal dan rekomendasi restoran sesuai preferensi,"Email, in-app, push notification","Repeat order, frequency, campaign conversion",23,Female,Prefer not to say,Employee,10001 to 25000,3
CUST-0069,Nanda Wijaya,0.4307734331610913,Medium Risk,General Risk,Promo personal dan rekomendasi restoran sesuai preferensi,"Email, in-app, push notification","Repeat order, frequency, campaign conversion",24,Female,Single,Student,10001 to 25000,3
CUST-0120,Doni Syahputra,0.429841849989642,Medium Risk,Time Risk,Promo makan siang cepat dan reminder jam makan,"Email, in-app, push notification","Repeat order, frequency, campaign conversion",19,Male,Single,Student,No Income,2
CUST-0240,Doni Syahputra,0.4164692141919205,Medium Risk,Service Risk,Promo personal dan rekomendasi restoran sesuai preferensi,"Email, in-app, push notification","Repeat order, frequency, campaign conversion",23,Male,Single,Student,No Income,2
CUST-0065,Joko Saputra,0.4162904010270442,Medium Risk,Promo Risk,Loyalty point dan bundle promo,"Email, in-app, push notification","Repeat order, frequency, campaign conversion",24,Male,Single,Employee,10001 to 25000,4
CUST-0265,Joko Maulana,0.4115548688385847,Medium Risk,Promo Risk,Loyalty point dan bundle promo,"Email, in-app, push notification","Repeat order, frequency, campaign conversion",23,Male,Single,Student,No Income,4
CUST-0272,Vina Nugroho,0.410277614701514,Medium Risk,Promo Risk,Loyalty point dan bundle promo,"Email, in-app, push notification","Repeat order, frequency, campaign conversion",20,Female,Single,Student,No Income,2
CUST-0038,Rani Hidayat,0.4038280838866944,Medium Risk,Promo Risk,Loyalty point dan bundle promo,"Email, in-app, push notification","Repeat order, frequency, campaign conversion",32,Female,Prefer not to say,House wife,No Income,5
CUST-0037,Bagas Hidayat,0.398914459531505,Low Risk,Service Risk,"Referral reward, membership tier, dan reward review positif","In-app, email, referral link","Referral rate, retention rate, review rate",25,Male,Single,Student,No Income,5
CUST-0174,Dimas Mahendra,0.3887951696400969,Low Risk,Service Risk,"Referral reward, membership tier, dan reward review positif","In-app, email, referral link","Referral rate, retention rate, review rate",24,Male,Single,Student,No Income,3
CUST-0165,Joko Salsabila,0.3774141256570537,Low Risk,Time Risk,"Referral reward, membership tier, dan reward review positif","In-app, email, referral link","Referral rate, retention rate, review rate",23,Male,Single,Student,Below Rs.10000,3
CUST-0041,Andi Putra,0.3763487964793083,Low Risk,Service Risk,"Referral reward, membership tier, dan reward review positif","In-app, email, referral link","Referral rate, retention rate, review rate",30,Male,Married,Self Employeed,More than 50000,4
CUST-0252,Rafi Lestari,0.3741008992726751,Low Risk,Convenience Risk,"Referral reward, membership tier, dan reward review positif","In-app, email, referral link","Referral rate, retention rate, review rate",22,Male,Single,Student,25001 to 50000,3
CUST-0068,Wahyu Wijaya,0.3671681064651859,Low Risk,Time Risk,"Referral reward, membership tier, dan reward review positif","In-app, email, referral link","Referral rate, retention rate, review rate",22,Male,Single,Student,No Income,4
CUST-0097,Bagas Hidayat,0.3626312287668631,Low Risk,Promo Risk,"Referral reward, membership tier, dan reward review positif","In-app, email, referral link","Referral rate, retention rate, review rate",26,Male,Single,Employee,More than 50000,2
CUST-0095,Arif Wibowo,0.3615186686969712,Low Risk,Time Risk,"Referral reward, membership tier, dan reward review positif","In-app, email, referral link","Referral rate, retention rate, review rate",26,Male,Single,Employee,25001 to 50000,2
CUST-0006,Kartika Saputra,0.3537098898249525,Low Risk,Service Risk,"Referral reward, membership tier, dan reward review positif","In-app, email, referral link","Referral rate, retention rate, review rate",27,Female,Married,Employee,More than 50000,2
CUST-0191,Sari Lestari,0.340090344553464,Low Risk,Time Risk,"Referral reward, membership tier, dan reward review positif","In-app, email, referral link","Referral rate, retention rate, review rate",23,Female,Single,Student,No Income,1
CUST-0074,Dimas Permana,0.3400403154632909,Low Risk,Service Risk,"Referral reward, membership tier, dan reward review positif","In-app, email, referral link","Referral rate, retention rate, review rate",26,Male,Single,Student,No Income,4
CUST-0171,Bayu Ananda,0.3293457208424543,Low Risk,Service Risk,"Referral reward, membership tier, dan reward review positif","In-app, email, referral link","Referral rate, retention rate, review rate",25,Male,Single,Employee,10001 to 25000,2
CUST-0103,Fajar Salsabila,0.3265631899411831,Low Risk,Service Risk,"Referral reward, membership tier, dan reward review positif","In-app, email, referral link","Referral rate, retention rate, review rate",23,Male,Single,Employee,10001 to 25000,2
CUST-0222,Budi Putra,0.3227753156192006,Low Risk,Time Risk,"Referral reward, membership tier, dan reward review positif","In-app, email, referral link","Referral rate, retention rate, review rate",27,Male,Married,Employee,25001 to 50000,2
CUST-0126,Kartika Saputra,0.3197398361618289,Low Risk,Service Risk,"Referral reward, membership tier, dan reward review positif","In-app, email, referral link","Referral rate, retention rate, review rate",22,Female,Single,Student,Below Rs.10000,4
CUST-0048,Wahyu Firmansyah,0.314722571067282,Low Risk,Time Risk,"Referral reward, membership tier, dan reward review positif","In-app, email, referral link","Referral rate, retention rate, review rate",23,Male,Single,Student,No Income,2
CUST-0089,Zaki Pertiwi,0.3132212751384234,Low Risk,Promo Risk,"Referral reward, membership tier, dan reward review positif","In-app, email, referral link","Referral rate, retention rate, review rate",23,Male,Single,Student,No Income,1
CUST-0030,Rizky Pertiwi,0.3001593367157527,Low Risk,Time Risk,"Referral reward, membership tier, dan reward review positif","In-app, email, referral link","Referral rate, retention rate, review rate",22,Male,Single,Student,Below Rs.10000,4
CUST-0102,Budi Putra,0.2989196496465027,Low Risk,Time Risk,"Referral reward, membership tier, dan reward review positif","In-app, email, referral link","Referral rate, retention rate, review rate",25,Male,Single,Student,Below Rs.10000,2
CUST-0024,Indra Ramadhani,0.2971467048542522,Low Risk,Promo Risk,"Referral reward, membership tier, dan reward review positif","In-app, email, referral link","Referral rate, retention rate, review rate",23,Male,Single,Student,No Income,4
CUST-0035,Nisa Wibowo,0.2960527353713968,Low Risk,Time Risk,"Referral reward, membership tier, dan reward review positif","In-app, email, referral link","Referral rate, retention rate, review rate",22,Female,Single,Student,No Income,2
CUST-0245,Hana Saputra,0.2927911513239267,Low Risk,Promo Risk,"Referral reward, membership tier, dan reward review positif","In-app, email, referral link","Referral rate, retention rate, review rate",24,Female,Married,Employee,25001 to 50000,2
CUST-0073,Yuni Permana,0.2883348460092247,Low Risk,General Risk,"Referral reward, membership tier, dan reward review positif","In-app, email, referral link","Referral rate, retention rate, review rate",24,Female,Single,Student,25001 to 50000,3
CUST-0070,Putri Lestari,0.2866071044509977,Low Risk,Food Quality Risk,"Referral reward, membership tier, dan reward review positif","In-app, email, referral link","Referral rate, retention rate, review rate",25,Female,Single,Student,No Income,3
CUST-0119,Farhan Syahputra,0.2861254744683562,Low Risk,Service Risk,"Referral reward, membership tier, dan reward review positif","In-app, email, referral link","Referral rate, retention rate, review rate",23,Male,Single,Student,No Income,2
CUST-0258,Yoga Santoso,0.2849162578597961,Low Risk,Service Risk,"Referral reward, membership tier, dan reward review positif","In-app, email, referral link","Referral rate, retention rate, review rate",22,Male,Married,Student,No Income,2
CUST-0135,Arif Permana,0.2847810330182679,Low Risk,Service Risk,"Referral reward, membership tier, dan reward review positif","In-app, email, referral link","Referral rate, retention rate, review rate",32,Male,Married,Employee,10001 to 25000,4
CUST-0112,Rafi Mahendra,0.2843181602089647,Low Risk,Service Risk,"Referral reward, membership tier, dan reward review positif","In-app, email, referral link","Referral rate, retention rate, review rate",32,Male,Married,Employee,More than 50000,5
CUST-0057,Bagas Utami,0.2795303985182736,Low Risk,Promo Risk,"Referral reward, membership tier, dan reward review positif","In-app, email, referral link","Referral rate, retention rate, review rate",31,Male,Married,Employee,More than 50000,5
CUST-0054,Dina Mahendra,0.275705530849509,Low Risk,Service Risk,"Referral reward, membership tier, dan reward review positif","In-app, email, referral link","Referral rate, retention rate, review rate",28,Female,Married,Student,No Income,2
CUST-0208,Maya Pertiwi,0.2729606235265584,Low Risk,Time Risk,"Referral reward, membership tier, dan reward review positif","In-app, email, referral link","Referral rate, retention rate, review rate",25,Female,Married,Student,No Income,2
CUST-0077,Bagas Santoso,0.2711975331433107,Low Risk,General Risk,"Referral reward, membership tier, dan reward review positif","In-app, email, referral link","Referral rate, retention rate, review rate",24,Male,Single,Student,10001 to 25000,4
CUST-0105,Hana Salsabila,0.2709005397932257,Low Risk,Service Risk,"Referral reward, membership tier, dan reward review positif","In-app, email, referral link","Referral rate, retention rate, review rate",31,Female,Married,House wife,No Income,5
CUST-0011,Sari Lestari,0.2701912881297962,Low Risk,Service Risk,"Referral reward, membership tier, dan reward review positif","In-app, email, referral link","Referral rate, retention rate, review rate",22,Female,Single,Student,No Income,5
CUST-0280,Doni Putra,0.2697705376196393,Low Risk,Service Risk,"Referral reward, membership tier, dan reward review positif","In-app, email, referral link","Referral rate, retention rate, review rate",22,Male,Single,Employee,10001 to 25000,1
CUST-0257,Ayu Santoso,0.2694945606661426,Low Risk,General Risk,"Referral reward, membership tier, dan reward review positif","In-app, email, referral link","Referral rate, retention rate, review rate",24,Female,Married,Employee,10001 to 25000,2
CUST-0202,Dewi Ramadhani,0.2680961975618471,Low Risk,Service Risk,"Referral reward, membership tier, dan reward review positif","In-app, email, referral link","Referral rate, retention rate, review rate",31,Female,Married,House wife,No Income,5
CUST-0043,Fajar Salsabila,0.2661057459091045,Low Risk,Time Risk,"Referral reward, membership tier, dan reward review positif","In-app, email, referral link","Referral rate, retention rate, review rate",23,Male,Single,Student,No Income,4
CUST-0148,Maya Pertiwi,0.2567146787212915,Low Risk,Service Risk,"Referral reward, membership tier, dan reward review positif","In-app, email, referral link","Referral rate, retention rate, review rate",26,Female,Married,Employee,25001 to 50000,3
CUST-0117,Bagas Utami,0.2563857150433191,Low Risk,Service Risk,"Referral reward, membership tier, dan reward review positif","In-app, email, referral link","Referral rate, retention rate, review rate",28,Male,Married,Employee,More than 50000,3
CUST-0114,Dina Mahendra,0.256060380776279,Low Risk,Service Risk,"Referral reward, membership tier, dan reward review positif","In-app, email, referral link","Referral rate, retention rate, review rate",27,Female,Married,Self Employeed,25001 to 50000,3
CUST-0025,Joko Maulana,0.255842399288977,Low Risk,Time Risk,"Referral reward, membership tier, dan reward review positif","In-app, email, referral link","Referral rate, retention rate, review rate",21,Male,Single,Student,Below Rs.10000,3
CUST-0264,Gita Ramadhani,0.2538660664587711,Low Risk,Service Risk,"Referral reward, membership tier, dan reward review positif","In-app, email, referral link","Referral rate, retention rate, review rate",21,Female,Single,Student,No Income,2
CUST-0107,Lina Firmansyah,0.2522523940490839,Low Risk,General Risk,"Referral reward, membership tier, dan reward review positif","In-app, email, referral link","Referral rate, retention rate, review rate",32,Female,Married,Employee,25001 to 50000,5
CUST-0176,Tari Utami,0.251270945749963,Low Risk,Service Risk,"Referral reward, membership tier, dan reward review positif","In-app, email, referral link","Referral rate, retention rate, review rate",31,Female,Married,Employee,More than 50000,5
CUST-0031,Sari Nugroho,0.2510204002917364,Low Risk,Service Risk,"Referral reward, membership tier, dan reward review positif","In-app, email, referral link","Referral rate, retention rate, review rate",22,Female,Single,Employee,10001 to 25000,5
CUST-0220,Doni Putra,0.2503908261689254,Low Risk,Service Risk,"Referral reward, membership tier, dan reward review positif","In-app, email, referral link","Referral rate, retention rate, review rate",22,Male,Single,Student,No Income,3
CUST-0018,Rani Santoso,0.248259387231149,Low Risk,Promo Risk,"Referral reward, membership tier, dan reward review positif","In-app, email, referral link","Referral rate, retention rate, review rate",23,Female,Single,Student,No Income,3
CUST-0046,Kartika Firmansyah,0.247815015197142,Low Risk,Service Risk,"Referral reward, membership tier, dan reward review positif","In-app, email, referral link","Referral rate, retention rate, review rate",27,Female,Married,Self Employeed,10001 to 25000,2
CUST-0192,Rafi Lestari,0.2471000067892687,Low Risk,General Risk,"Referral reward, membership tier, dan reward review positif","In-app, email, referral link","Referral rate, retention rate, review rate",25,Male,Single,Self Employeed,More than 50000,2
CUST-0090,Rizky Pertiwi,0.2467729749880052,Low Risk,General Risk,"Referral reward, membership tier, dan reward review positif","In-app, email, referral link","Referral rate, retention rate, review rate",26,Male,Married,Employee,25001 to 50000,5
CUST-0125,Hana Saputra,0.2463941243086854,Low Risk,Service Risk,"Referral reward, membership tier, dan reward review positif","In-app, email, referral link","Referral rate, retention rate, review rate",26,Female,Single,Employee,More than 50000,3
CUST-0064,Indra Saputra,0.2449742076148095,Low Risk,Service Risk,"Referral reward, membership tier, dan reward review positif","In-app, email, referral link","Referral rate, retention rate, review rate",25,Male,Single,Student,No Income,6
CUST-0251,Sari Lestari,0.2417840452093468,Low Risk,Service Risk,"Referral reward, membership tier, dan reward review positif","In-app, email, referral link","Referral rate, retention rate, review rate",25,Female,Single,Employee,25001 to 50000,2
CUST-0278,Rani Hidayat,0.2405109137441049,Low Risk,Service Risk,"Referral reward, membership tier, dan reward review positif","In-app, email, referral link","Referral rate, retention rate, review rate",24,Female,Married,Student,Below Rs.10000,5
CUST-0242,Budi Pratama,0.2405084008079484,Low Risk,Service Risk,"Referral reward, membership tier, dan reward review positif","In-app, email, referral link","Referral rate, retention rate, review rate",23,Male,Single,Student,No Income,3
CUST-0033,Agus Nugroho,0.2404138431673423,Low Risk,Service Risk,"Referral reward, membership tier, dan reward review positif","In-app, email, referral link","Referral rate, retention rate, review rate",25,Male,Married,Employee,More than 50000,4
CUST-0061,Andi Pratama,0.2404075019346111,Low Risk,Time Risk,"Referral reward, membership tier, dan reward review positif","In-app, email, referral link","Referral rate, retention rate, review rate",23,Male,Single,Student,25001 to 50000,1
CUST-0162,Budi Putra,0.2399377112390629,Low Risk,Service Risk,"Referral reward, membership tier, dan reward review positif","In-app, email, referral link","Referral rate, retention rate, review rate",26,Male,Single,Employee,Below Rs.10000,1
CUST-0111,Sari Ananda,0.238535825596908,Low Risk,Service Risk,"Referral reward, membership tier, dan reward review positif","In-app, email, referral link","Referral rate, retention rate, review rate",26,Female,Single,Self Employeed,25001 to 50000,3
CUST-0087,Tono Maulana,0.2375914672049074,Low Risk,Time Risk,"Referral reward, membership tier, dan reward review positif","In-app, email, referral link","Referral rate, retention rate, review rate",22,Male,Single,Student,No Income,2
CUST-0067,Lina Wijaya,0.2361140184316754,Low Risk,Service Risk,"Referral reward, membership tier, dan reward review positif","In-app, email, referral link","Referral rate, retention rate, review rate",24,Female,Married,Employee,More than 50000,4
CUST-0181,Andi Pratama,0.2340645132990577,Low Risk,Service Risk,"Referral reward, membership tier, dan reward review positif","In-app, email, referral link","Referral rate, retention rate, review rate",25,Male,Married,Employee,More than 50000,6
CUST-0039,Fitri Hidayat,0.2333571423925695,Low Risk,Service Risk,"Referral reward, membership tier, dan reward review positif","In-app, email, referral link","Referral rate, retention rate, review rate",23,Female,Single,Student,No Income,3
CUST-0146,Rama Maulana,0.2330301772125678,Low Risk,Service Risk,"Referral reward, membership tier, dan reward review positif","In-app, email, referral link","Referral rate, retention rate, review rate",25,Male,Single,Employee,10001 to 25000,4
CUST-0134,Dina Permana,0.2320164168807156,Low Risk,General Risk,"Referral reward, membership tier, dan reward review positif","In-app, email, referral link","Referral rate, retention rate, review rate",24,Female,Single,Student,No Income,4
CUST-0169,Zaki Ananda,0.2309000348539668,Low Risk,Service Risk,"Referral reward, membership tier, dan reward review positif","In-app, email, referral link","Referral rate, retention rate, review rate",28,Male,Married,Employee,More than 50000,1
CUST-0155,Nisa Wibowo,0.2284138371578146,Low Risk,General Risk,"Referral reward, membership tier, dan reward review positif","In-app, email, referral link","Referral rate, retention rate, review rate",26,Female,Married,Student,Below Rs.10000,3
CUST-0209,Zaki Pertiwi,0.226896536710039,Low Risk,Service Risk,"Referral reward, membership tier, dan reward review positif","In-app, email, referral link","Referral rate, retention rate, review rate",28,Male,Single,Self Employeed,10001 to 25000,2
CUST-0056,Tari Utami,0.226895792689841,Low Risk,Service Risk,"Referral reward, membership tier, dan reward review positif","In-app, email, referral link","Referral rate, retention rate, review rate",24,Female,Single,Student,No Income,3
CUST-0093,Yuni Nugroho,0.2255600287978617,Low Risk,Service Risk,"Referral reward, membership tier, dan reward review positif","In-app, email, referral link","Referral rate, retention rate, review rate",22,Female,Single,Employee,10001 to 25000,3
CUST-0132,Rafi Lestari,0.2243928912031483,Low Risk,Service Risk,"Referral reward, membership tier, dan reward review positif","In-app, email, referral link","Referral rate, retention rate, review rate",25,Male,Single,Employee,10001 to 25000,3
CUST-0141,Citra Kurniawan,0.224273474871239,Low Risk,Service Risk,"Referral reward, membership tier, dan reward review positif","In-app, email, referral link","Referral rate, retention rate, review rate",32,Female,Married,House wife,No Income,3
CUST-0151,Sari Nugroho,0.2240011237365035,Low Risk,Promo Risk,"Referral reward, membership tier, dan reward review positif","In-app, email, referral link","Referral rate, retention rate, review rate",24,Female,Single,Student,No Income,5
CUST-0198,Rani Santoso,0.2233434056135584,Low Risk,Promo Risk,"Referral reward, membership tier, dan reward review positif","In-app, email, referral link","Referral rate, retention rate, review rate",24,Female,Single,Employee,10001 to 25000,4
CUST-0166,Kartika Firmansyah,0.223168829894015,Low Risk,Food Quality Risk,"Referral reward, membership tier, dan reward review positif","In-app, email, referral link","Referral rate, retention rate, review rate",22,Female,Single,Employee,25001 to 50000,4
CUST-0285,Joko Salsabila,0.2225156498422311,Low Risk,Service Risk,"Referral reward, membership tier, dan reward review positif","In-app, email, referral link","Referral rate, retention rate, review rate",31,Male,Married,Employee,More than 50000,3
CUST-0017,Ayu Santoso,0.2218243863695952,Low Risk,Service Risk,"Referral reward, membership tier, dan reward review positif","In-app, email, referral link","Referral rate, retention rate, review rate",28,Female,Single,Employee,25001 to 50000,2
CUST-0260,Nadia Kurniawan,0.2190907845876133,Low Risk,Service Risk,"Referral reward, membership tier, dan reward review positif","In-app, email, referral link","Referral rate, retention rate, review rate",22,Female,Single,Student,No Income,2
CUST-0215,Arif Wibowo,0.2176762383261053,Low Risk,Service Risk,"Referral reward, membership tier, dan reward review positif","In-app, email, referral link","Referral rate, retention rate, review rate",21,Male,Single,Student,No Income,5
CUST-0214,Dimas Wibowo,0.2176699327624854,Low Risk,Service Risk,"Referral reward, membership tier, dan reward review positif","In-app, email, referral link","Referral rate, retention rate, review rate",29,Male,Single,Self Employeed,More than 50000,6
CUST-0197,Bagas Santoso,0.2164919869771956,Low Risk,Service Risk,"Referral reward, membership tier, dan reward review positif","In-app, email, referral link","Referral rate, retention rate, review rate",23,Male,Single,Student,No Income,3
CUST-0227,Lina Firmansyah,0.2148541901528184,Low Risk,General Risk,"Referral reward, membership tier, dan reward review positif","In-app, email, referral link","Referral rate, retention rate, review rate",23,Female,Single,Student,No Income,2
CUST-0186,Kartika Saputra,0.2147832548788579,Low Risk,General Risk,"Referral reward, membership tier, dan reward review positif","In-app, email, referral link","Referral rate, retention rate, review rate",22,Female,Single,Employee,25001 to 50000,4
CUST-0182,Dewi Pratama,0.2147005432876352,Low Risk,Service Risk,"Referral reward, membership tier, dan reward review positif","In-app, email, referral link","Referral rate, retention rate, review rate",23,Female,Married,House wife,No Income,6
CUST-0200,Doni Kurniawan,0.2136086615007296,Low Risk,Service Risk,"Referral reward, membership tier, dan reward review positif","In-app, email, referral link","Referral rate, retention rate, review rate",28,Male,Married,Employee,25001 to 50000,5
CUST-0268,Maya Pertiwi,0.2129071822265818,Low Risk,Service Risk,"Referral reward, membership tier, dan reward review positif","In-app, email, referral link","Referral rate, retention rate, review rate",26,Female,Single,Student,No Income,2
CUST-0180,Doni Syahputra,0.2108129965186986,Low Risk,Time Risk,"Referral reward, membership tier, dan reward review positif","In-app, email, referral link","Referral rate, retention rate, review rate",19,Male,Single,Student,No Income,6
CUST-0266,Kartika Maulana,0.2103330316817992,Low Risk,Service Risk,"Referral reward, membership tier, dan reward review positif","In-app, email, referral link","Referral rate, retention rate, review rate",24,Female,Single,Employee,25001 to 50000,3
CUST-0028,Wahyu Pertiwi,0.2099446304731124,Low Risk,Promo Risk,"Referral reward, membership tier, dan reward review positif","In-app, email, referral link","Referral rate, retention rate, review rate",22,Male,Single,Student,No Income,3
CUST-0110,Rizky Ananda,0.2099406580861908,Low Risk,Service Risk,"Referral reward, membership tier, dan reward review positif","In-app, email, referral link","Referral rate, retention rate, review rate",26,Male,Single,Self Employeed,25001 to 50000,3
CUST-0259,Farhan Kurniawan,0.2097174055756878,Low Risk,General Risk,"Referral reward, membership tier, dan reward review positif","In-app, email, referral link","Referral rate, retention rate, review rate",24,Male,Married,Employee,More than 50000,3
CUST-0248,Wahyu Wijaya,0.2095301232433628,Low Risk,Service Risk,"Referral reward, membership tier, dan reward review positif","In-app, email, referral link","Referral rate, retention rate, review rate",25,Male,Married,Self Employeed,More than 50000,4
CUST-0034,Dina Wibowo,0.2078929532223903,Low Risk,Time Risk,"Referral reward, membership tier, dan reward review positif","In-app, email, referral link","Referral rate, retention rate, review rate",22,Female,Single,Student,10001 to 25000,5
CUST-0140,Doni Kurniawan,0.2068162377684687,Low Risk,Service Risk,"Referral reward, membership tier, dan reward review positif","In-app, email, referral link","Referral rate, retention rate, review rate",25,Male,Single,Employee,25001 to 50000,3
CUST-0217,Bagas Hidayat,0.205946585618467,Low Risk,Service Risk,"Referral reward, membership tier, dan reward review positif","In-app, email, referral link","Referral rate, retention rate, review rate",26,Male,Prefer not to say,Self Employeed,More than 50000,2
CUST-0156,Hendra Wibowo,0.2048457703303687,Low Risk,Service Risk,"Referral reward, membership tier, dan reward review positif","In-app, email, referral link","Referral rate, retention rate, review rate",27,Male,Prefer not to say,Employee,25001 to 50000,1
CUST-0207,Tono Maulana,0.2034518028021421,Low Risk,Service Risk,"Referral reward, membership tier, dan reward review positif","In-app, email, referral link","Referral rate, retention rate, review rate",32,Male,Married,Employee,More than 50000,5
CUST-0253,Yuni Permana,0.2018324578200843,Low Risk,General Risk,"Referral reward, membership tier, dan reward review positif","In-app, email, referral link","Referral rate, retention rate, review rate",26,Female,Single,Employee,25001 to 50000,2
CUST-0218,Yoga Hidayat,0.199861405944139,Low Risk,Service Risk,"Referral reward, membership tier, dan reward review positif","In-app, email, referral link","Referral rate, retention rate, review rate",25,Male,Married,Employee,More than 50000,3
CUST-0015,Nisa Permana,0.1992061726050552,Low Risk,Service Risk,"Referral reward, membership tier, dan reward review positif","In-app, email, referral link","Referral rate, retention rate, review rate",23,Female,Single,Self Employeed,10001 to 25000,5
CUST-0002,Dewi Pratama,0.1982116476194453,Low Risk,Service Risk,"Referral reward, membership tier, dan reward review positif","In-app, email, referral link","Referral rate, retention rate, review rate",24,Female,Single,Student,Below Rs.10000,3
CUST-0044,Gita Salsabila,0.1970451362642794,Low Risk,Promo Risk,"Referral reward, membership tier, dan reward review positif","In-app, email, referral link","Referral rate, retention rate, review rate",22,Female,Single,Student,No Income,5
CUST-0213,Agus Nugroho,0.1962088353311121,Low Risk,General Risk,"Referral reward, membership tier, dan reward review positif","In-app, email, referral link","Referral rate, retention rate, review rate",32,Male,Married,Employee,25001 to 50000,3
CUST-0244,Indra Saputra,0.1956108302673264,Low Risk,General Risk,"Referral reward, membership tier, dan reward review positif","In-app, email, referral link","Referral rate, retention rate, review rate",30,Male,Married,Self Employeed,More than 50000,6
CUST-0283,Fajar Salsabila,0.1950204250968216,Low Risk,Service Risk,"Referral reward, membership tier, dan reward review positif","In-app, email, referral link","Referral rate, retention rate, review rate",21,Male,Married,Employee,More than 50000,3
CUST-0058,Yoga Syahputra,0.1947031768126184,Low Risk,Service Risk,"Referral reward, membership tier, dan reward review positif","In-app, email, referral link","Referral rate, retention rate, review rate",25,Male,Single,Student,No Income,4
CUST-0045,Joko Salsabila,0.194422641370891,Low Risk,Service Risk,"Referral reward, membership tier, dan reward review positif","In-app, email, referral link","Referral rate, retention rate, review rate",22,Male,Single,Student,No Income,5
CUST-0170,Rizky Ananda,0.1921660600477714,Low Risk,Service Risk,"Referral reward, membership tier, dan reward review positif","In-app, email, referral link","Referral rate, retention rate, review rate",22,Male,Single,Student,No Income,2
CUST-0009,Nanda Wijaya,0.1920452916734824,Low Risk,General Risk,"Referral reward, membership tier, dan reward review positif","In-app, email, referral link","Referral rate, retention rate, review rate",23,Female,Single,Student,No Income,2
CUST-0049,Nanda Ananda,0.1917692615194914,Low Risk,Service Risk,"Referral reward, membership tier, dan reward review positif","In-app, email, referral link","Referral rate, retention rate, review rate",23,Female,Single,Student,No Income,5
CUST-0231,Bayu Ananda,0.1892547913225081,Low Risk,Service Risk,"Referral reward, membership tier, dan reward review positif","In-app, email, referral link","Referral rate, retention rate, review rate",25,Male,Single,Self Employeed,More than 50000,3
CUST-0136,Hendra Santoso,0.1887539568860432,Low Risk,Service Risk,"Referral reward, membership tier, dan reward review positif","In-app, email, referral link","Referral rate, retention rate, review rate",22,Male,Single,Student,No Income,4
CUST-0108,Wahyu Firmansyah,0.1885916366891666,Low Risk,Service Risk,"Referral reward, membership tier, dan reward review positif","In-app, email, referral link","Referral rate, retention rate, review rate",25,Male,Single,Employee,25001 to 50000,3
CUST-0263,Fajar Ramadhani,0.1861750849488073,Low Risk,Service Risk,"Referral reward, membership tier, dan reward review positif","In-app, email, referral link","Referral rate, retention rate, review rate",19,Male,Single,Student,No Income,6
CUST-0168,Maya Firmansyah,0.1848451893727791,Low Risk,Service Risk,"Referral reward, membership tier, dan reward review positif","In-app, email, referral link","Referral rate, retention rate, review rate",32,Female,Married,House wife,No Income,5
CUST-0262,Dewi Ramadhani,0.1841072277440008,Low Risk,General Risk,"Referral reward, membership tier, dan reward review positif","In-app, email, referral link","Referral rate, retention rate, review rate",23,Female,Prefer not to say,Employee,10001 to 25000,4
CUST-0271,Sari Nugroho,0.1825651315081059,Low Risk,Service Risk,"Referral reward, membership tier, dan reward review positif","In-app, email, referral link","Referral rate, retention rate, review rate",25,Female,Single,Student,No Income,3
CUST-0051,Bayu Ananda,0.1815080959249367,Low Risk,Service Risk,"Referral reward, membership tier, dan reward review positif","In-app, email, referral link","Referral rate, retention rate, review rate",24,Male,Single,Student,No Income,3
CUST-0079,Farhan Kurniawan,0.1812055073919669,Low Risk,Service Risk,"Referral reward, membership tier, dan reward review positif","In-app, email, referral link","Referral rate, retention rate, review rate",23,Male,Single,Student,No Income,3
CUST-0078,Rani Santoso,0.1809129595945658,Low Risk,Promo Risk,"Referral reward, membership tier, dan reward review positif","In-app, email, referral link","Referral rate, retention rate, review rate",23,Female,Single,Student,No Income,3
CUST-0094,Dina Wibowo,0.1803557861807271,Low Risk,Service Risk,"Referral reward, membership tier, dan reward review positif","In-app, email, referral link","Referral rate, retention rate, review rate",24,Female,Single,Student,No Income,3
CUST-0130,Putri Lestari,0.1803170608511914,Low Risk,Service Risk,"Referral reward, membership tier, dan reward review positif","In-app, email, referral link","Referral rate, retention rate, review rate",30,Female,Married,House wife,No Income,5
CUST-0239,Farhan Syahputra,0.1801555446119428,Low Risk,Service Risk,"Referral reward, membership tier, dan reward review positif","In-app, email, referral link","Referral rate, retention rate, review rate",27,Male,Married,Self Employeed,More than 50000,3
CUST-0152,Rafi Nugroho,0.1798263527903681,Low Risk,General Risk,"Referral reward, membership tier, dan reward review positif","In-app, email, referral link","Referral rate, retention rate, review rate",25,Male,Married,Self Employeed,More than 50000,2
CUST-0184,Indra Saputra,0.1795401920473574,Low Risk,Service Risk,"Referral reward, membership tier, dan reward review positif","In-app, email, referral link","Referral rate, retention rate, review rate",23,Male,Single,Student,No Income,2
CUST-0256,Hendra Santoso,0.1780790063976858,Low Risk,Service Risk,"Referral reward, membership tier, dan reward review positif","In-app, email, referral link","Referral rate, retention rate, review rate",25,Male,Married,Self Employeed,25001 to 50000,3
CUST-0234,Dina Mahendra,0.1779512825051037,Low Risk,Service Risk,"Referral reward, membership tier, dan reward review positif","In-app, email, referral link","Referral rate, retention rate, review rate",29,Female,Married,Employee,25001 to 50000,3
CUST-0210,Putri Pertiwi,0.1757643348762991,Low Risk,Service Risk,"Referral reward, membership tier, dan reward review positif","In-app, email, referral link","Referral rate, retention rate, review rate",21,Female,Single,Student,No Income,3
CUST-0185,Joko Saputra,0.1754106370727787,Low Risk,Service Risk,"Referral reward, membership tier, dan reward review positif","In-app, email, referral link","Referral rate, retention rate, review rate",24,Male,Single,Student,No Income,5
CUST-0226,Rama Firmansyah,0.1751259566799829,Low Risk,Service Risk,"Referral reward, membership tier, dan reward review positif","In-app, email, referral link","Referral rate, retention rate, review rate",28,Male,Married,Employee,25001 to 50000,3
CUST-0036,Hendra Wibowo,0.174768111966147,Low Risk,Service Risk,"Referral reward, membership tier, dan reward review positif","In-app, email, referral link","Referral rate, retention rate, review rate",25,Male,Single,Student,10001 to 25000,3
CUST-0115,Arif Utami,0.1745498699326852,Low Risk,Service Risk,"Referral reward, membership tier, dan reward review positif","In-app, email, referral link","Referral rate, retention rate, review rate",23,Male,Single,Student,No Income,3
CUST-0128,Maya Wijaya,0.1730450406282948,Low Risk,Service Risk,"Referral reward, membership tier, dan reward review positif","In-app, email, referral link","Referral rate, retention rate, review rate",22,Female,Single,Student,No Income,3
CUST-0175,Arif Utami,0.1720405331598598,Low Risk,Service Risk,"Referral reward, membership tier, dan reward review positif","In-app, email, referral link","Referral rate, retention rate, review rate",24,Male,Single,Employee,25001 to 50000,2
CUST-0012,Rafi Lestari,0.1703337014483471,Low Risk,Service Risk,"Referral reward, membership tier, dan reward review positif","In-app, email, referral link","Referral rate, retention rate, review rate",23,Male,Single,Student,Below Rs.10000,2
CUST-0071,Bayu Lestari,0.1694233293979363,Low Risk,Service Risk,"Referral reward, membership tier, dan reward review positif","In-app, email, referral link","Referral rate, retention rate, review rate",23,Male,Single,Student,No Income,2
CUST-0121,Citra Pratama,0.1677284690664802,Low Risk,Service Risk,"Referral reward, membership tier, dan reward review positif","In-app, email, referral link","Referral rate, retention rate, review rate",19,Female,Single,Student,No Income,4
CUST-0159,Fitri Hidayat,0.1675803264605592,Low Risk,Service Risk,"Referral reward, membership tier, dan reward review positif","In-app, email, referral link","Referral rate, retention rate, review rate",23,Female,Single,Employee,10001 to 25000,6
CUST-0042,Budi Putra,0.1673887380859127,Low Risk,Service Risk,"Referral reward, membership tier, dan reward review positif","In-app, email, referral link","Referral rate, retention rate, review rate",23,Male,Single,Student,No Income,3
CUST-0092,Rafi Nugroho,0.1653288711703572,Low Risk,Service Risk,"Referral reward, membership tier, dan reward review positif","In-app, email, referral link","Referral rate, retention rate, review rate",23,Male,Single,Student,No Income,2
CUST-0279,Farhan Hidayat,0.1637889170502268,Low Risk,Service Risk,"Referral reward, membership tier, dan reward review positif","In-app, email, referral link","Referral rate, retention rate, review rate",24,Male,Single,Student,No Income,3
CUST-0199,Farhan Kurniawan,0.1636045662579576,Low Risk,General Risk,"Referral reward, membership tier, dan reward review positif","In-app, email, referral link","Referral rate, retention rate, review rate",32,Male,Married,Self Employeed,10001 to 25000,3
CUST-0004,Gita Saputra,0.1634751933681934,Low Risk,General Risk,"Referral reward, membership tier, dan reward review positif","In-app, email, referral link","Referral rate, retention rate, review rate",22,Female,Single,Student,No Income,6
CUST-0022,Budi Ramadhani,0.1622703399487352,Low Risk,Service Risk,"Referral reward, membership tier, dan reward review positif","In-app, email, referral link","Referral rate, retention rate, review rate",22,Male,Single,Student,No Income,4
CUST-0010,Putri Lestari,0.1615128208546142,Low Risk,General Risk,"Referral reward, membership tier, dan reward review positif","In-app, email, referral link","Referral rate, retention rate, review rate",23,Female,Single,Student,No Income,4
CUST-0081,Andi Kurniawan,0.1608685103590093,Low Risk,Service Risk,"Referral reward, membership tier, dan reward review positif","In-app, email, referral link","Referral rate, retention rate, review rate",23,Male,Single,Student,No Income,3
CUST-0249,Nanda Wijaya,0.1601521914559988,Low Risk,Service Risk,"Referral reward, membership tier, dan reward review positif","In-app, email, referral link","Referral rate, retention rate, review rate",24,Female,Single,Employee,25001 to 50000,2
CUST-0187,Tono Wijaya,0.1594653641109246,Low Risk,Service Risk,"Referral reward, membership tier, dan reward review positif","In-app, email, referral link","Referral rate, retention rate, review rate",26,Male,Married,Employee,More than 50000,4
CUST-0100,Doni Putra,0.1593977400687086,Low Risk,Service Risk,"Referral reward, membership tier, dan reward review positif","In-app, email, referral link","Referral rate, retention rate, review rate",18,Male,Single,Student,No Income,5
CUST-0008,Maya Wijaya,0.1593717538628117,Low Risk,Service Risk,"Referral reward, membership tier, dan reward review positif","In-app, email, referral link","Referral rate, retention rate, review rate",24,Female,Single,Student,No Income,3
CUST-0229,Zaki Ananda,0.1587709271636807,Low Risk,Service Risk,"Referral reward, membership tier, dan reward review positif","In-app, email, referral link","Referral rate, retention rate, review rate",21,Male,Single,Student,No Income,3
CUST-0147,Tono Maulana,0.1584217064585593,Low Risk,General Risk,"Referral reward, membership tier, dan reward review positif","In-app, email, referral link","Referral rate, retention rate, review rate",26,Male,Single,Employee,25001 to 50000,3
CUST-0144,Indra Ramadhani,0.1580608262864346,Low Risk,General Risk,"Referral reward, membership tier, dan reward review positif","In-app, email, referral link","Referral rate, retention rate, review rate",21,Male,Single,Student,No Income,2
CUST-0029,Nanda Pertiwi,0.1576677460610537,Low Risk,Service Risk,"Referral reward, membership tier, dan reward review positif","In-app, email, referral link","Referral rate, retention rate, review rate",23,Female,Single,Employee,10001 to 25000,3
CUST-0233,Yuni Mahendra,0.1574121293196019,Low Risk,Service Risk,"Referral reward, membership tier, dan reward review positif","In-app, email, referral link","Referral rate, retention rate, review rate",23,Female,Single,Employee,25001 to 50000,2
CUST-0154,Dimas Wibowo,0.1540328476860914,Low Risk,Service Risk,"Referral reward, membership tier, dan reward review positif","In-app, email, referral link","Referral rate, retention rate, review rate",22,Male,Single,Student,No Income,1
CUST-0195,Arif Permana,0.153736247185701,Low Risk,Service Risk,"Referral reward, membership tier, dan reward review positif","In-app, email, referral link","Referral rate, retention rate, review rate",25,Male,Single,Self Employeed,10001 to 25000,3
CUST-0133,Agus Permana,0.15294618505732,Low Risk,Service Risk,"Referral reward, membership tier, dan reward review positif","In-app, email, referral link","Referral rate, retention rate, review rate",23,Male,Single,Student,More than 50000,3
CUST-0060,Doni Syahputra,0.1527493368777898,Low Risk,Service Risk,"Referral reward, membership tier, dan reward review positif","In-app, email, referral link","Referral rate, retention rate, review rate",22,Male,Single,Student,No Income,3
CUST-0083,Fajar Ramadhani,0.1522495404295717,Low Risk,Service Risk,"Referral reward, membership tier, dan reward review positif","In-app, email, referral link","Referral rate, retention rate, review rate",25,Male,Single,Student,No Income,1
CUST-0026,Rama Maulana,0.1522364902621762,Low Risk,Promo Risk,"Referral reward, membership tier, dan reward review positif","In-app, email, referral link","Referral rate, retention rate, review rate",25,Male,Single,Student,No Income,3
CUST-0203,Eka Ramadhani,0.1506614364422861,Low Risk,General Risk,"Referral reward, membership tier, dan reward review positif","In-app, email, referral link","Referral rate, retention rate, review rate",27,Female,Married,Self Employeed,25001 to 50000,3
CUST-0269,Nanda Pertiwi,0.1493111738754501,Low Risk,General Risk,"Referral reward, membership tier, dan reward review positif","In-app, email, referral link","Referral rate, retention rate, review rate",25,Female,Single,Student,10001 to 25000,2
CUST-0021,Andi Kurniawan,0.1492097339383286,Low Risk,General Risk,"Referral reward, membership tier, dan reward review positif","In-app, email, referral link","Referral rate, retention rate, review rate",24,Male,Single,Student,No Income,3
CUST-0143,Eka Ramadhani,0.1471949672537409,Low Risk,Service Risk,"Referral reward, membership tier, dan reward review positif","In-app, email, referral link","Referral rate, retention rate, review rate",20,Female,Single,Student,No Income,2
CUST-0137,Bagas Santoso,0.1471675668839845,Low Risk,Service Risk,"Referral reward, membership tier, dan reward review positif","In-app, email, referral link","Referral rate, retention rate, review rate",20,Male,Single,Student,No Income,2
CUST-0088,Maya Pertiwi,0.1470946289963816,Low Risk,Service Risk,"Referral reward, membership tier, dan reward review positif","In-app, email, referral link","Referral rate, retention rate, review rate",24,Female,Single,Student,No Income,3
CUST-0050,Putri Ananda,0.1470124861271416,Low Risk,General Risk,"Referral reward, membership tier, dan reward review positif","In-app, email, referral link","Referral rate, retention rate, review rate",23,Female,Single,Student,No Income,2
CUST-0236,Hendra Utami,0.1470098901928896,Low Risk,Service Risk,"Referral reward, membership tier, dan reward review positif","In-app, email, referral link","Referral rate, retention rate, review rate",20,Male,Single,Student,No Income,3
CUST-0059,Farhan Syahputra,0.1469861770823169,Low Risk,General Risk,"Referral reward, membership tier, dan reward review positif","In-app, email, referral link","Referral rate, retention rate, review rate",23,Male,Single,Student,No Income,5
CUST-0138,Yoga Santoso,0.1462832241457799,Low Risk,Service Risk,"Referral reward, membership tier, dan reward review positif","In-app, email, referral link","Referral rate, retention rate, review rate",21,Male,Single,Student,No Income,2
CUST-0072,Rafi Lestari,0.1452466337756933,Low Risk,Service Risk,"Referral reward, membership tier, dan reward review positif","In-app, email, referral link","Referral rate, retention rate, review rate",26,Male,Single,Student,No Income,4
CUST-0178,Rani Syahputra,0.1447689189283324,Low Risk,Service Risk,"Referral reward, membership tier, dan reward review positif","In-app, email, referral link","Referral rate, retention rate, review rate",24,Female,Married,Self Employeed,More than 50000,2
CUST-0023,Eka Ramadhani,0.1445209484468536,Low Risk,Service Risk,"Referral reward, membership tier, dan reward review positif","In-app, email, referral link","Referral rate, retention rate, review rate",22,Female,Single,Student,No Income,4
CUST-0235,Arif Utami,0.1425406186250779,Low Risk,Service Risk,"Referral reward, membership tier, dan reward review positif","In-app, email, referral link","Referral rate, retention rate, review rate",21,Male,Single,Student,No Income,6
CUST-0063,Eka Pratama,0.141050549519167,Low Risk,Service Risk,"Referral reward, membership tier, dan reward review positif","In-app, email, referral link","Referral rate, retention rate, review rate",23,Female,Single,Student,No Income,2
CUST-0003,Fajar Pratama,0.1409568075976822,Low Risk,Food Quality Risk,"Referral reward, membership tier, dan reward review positif","In-app, email, referral link","Referral rate, retention rate, review rate",22,Male,Single,Student,Below Rs.10000,3
CUST-0237,Bagas Utami,0.1408305689106259,Low Risk,Service Risk,"Referral reward, membership tier, dan reward review positif","In-app, email, referral link","Referral rate, retention rate, review rate",22,Male,Single,Employee,10001 to 25000,2
CUST-0098,Yoga Hidayat,0.1397579383381472,Low Risk,Service Risk,"Referral reward, membership tier, dan reward review positif","In-app, email, referral link","Referral rate, retention rate, review rate",25,Male,Single,Student,No Income,1
CUST-0116,Hendra Utami,0.1386833838826101,Low Risk,Service Risk,"Referral reward, membership tier, dan reward review positif","In-app, email, referral link","Referral rate, retention rate, review rate",25,Male,Single,Student,No Income,4
CUST-0019,Farhan Kurniawan,0.1375903542647595,Low Risk,Service Risk,"Referral reward, membership tier, dan reward review positif","In-app, email, referral link","Referral rate, retention rate, review rate",25,Male,Single,Student,No Income,4
CUST-0005,Joko Saputra,0.1349599192309952,Low Risk,Service Risk,"Referral reward, membership tier, dan reward review positif","In-app, email, referral link","Referral rate, retention rate, review rate",22,Male,Single,Student,Below Rs.10000,4
CUST-0013,Agus Permana,0.1348036316400439,Low Risk,Food Quality Risk,"Referral reward, membership tier, dan reward review positif","In-app, email, referral link","Referral rate, retention rate, review rate",23,Male,Single,Student,No Income,5
CUST-0204,Gita Ramadhani,0.1347165564825184,Low Risk,General Risk,"Referral reward, membership tier, dan reward review positif","In-app, email, referral link","Referral rate, retention rate, review rate",21,Female,Single,Student,No Income,1
CUST-0053,Agus Mahendra,0.1333574999899735,Low Risk,Service Risk,"Referral reward, membership tier, dan reward review positif","In-app, email, referral link","Referral rate, retention rate, review rate",22,Male,Single,Student,No Income,3
CUST-0076,Hendra Santoso,0.1331771738737605,Low Risk,General Risk,"Referral reward, membership tier, dan reward review positif","In-app, email, referral link","Referral rate, retention rate, review rate",24,Male,Single,Student,No Income,5
CUST-0052,Rafi Mahendra,0.1325172642527671,Low Risk,Service Risk,"Referral reward, membership tier, dan reward review positif","In-app, email, referral link","Referral rate, retention rate, review rate",25,Male,Single,Student,No Income,2
CUST-0020,Nadia Kurniawan,0.1324601766464711,Low Risk,Promo Risk,"Referral reward, membership tier, dan reward review positif","In-app, email, referral link","Referral rate, retention rate, review rate",21,Female,Single,Student,Below Rs.10000,1
CUST-0123,Fajar Pratama,0.1315795569009946,Low Risk,Service Risk,"Referral reward, membership tier, dan reward review positif","In-app, email, referral link","Referral rate, retention rate, review rate",25,Male,Single,Self Employeed,25001 to 50000,3
CUST-0179,Fitri Syahputra,0.1312703863365108,Low Risk,Service Risk,"Referral reward, membership tier, dan reward review positif","In-app, email, referral link","Referral rate, retention rate, review rate",22,Female,Single,Student,No Income,3
CUST-0027,Lina Maulana,0.1297965658149125,Low Risk,Service Risk,"Referral reward, membership tier, dan reward review positif","In-app, email, referral link","Referral rate, retention rate, review rate",22,Female,Single,Student,No Income,5
CUST-0189,Zaki Wijaya,0.1236780915179295,Low Risk,Service Risk,"Referral reward, membership tier, dan reward review positif","In-app, email, referral link","Referral rate, retention rate, review rate",20,Male,Single,Student,No Income,2
CUST-0188,Maya Wijaya,0.1216652155789213,Low Risk,Service Risk,"Referral reward, membership tier, dan reward review positif","In-app, email, referral link","Referral rate, retention rate, review rate",25,Female,Single,Student,No Income,3
CUST-0158,Yoga Hidayat,0.120618523053937,Low Risk,Service Risk,"Referral reward, membership tier, dan reward review positif","In-app, email, referral link","Referral rate, retention rate, review rate",24,Male,Single,Employee,Below Rs.10000,2
CUST-0211,Bayu Nugroho,0.1198020942474947,Low Risk,Service Risk,"Referral reward, membership tier, dan reward review positif","In-app, email, referral link","Referral rate, retention rate, review rate",24,Male,Single,Student,No Income,2
CUST-0157,Ayu Hidayat,0.1193880305633026,Low Risk,Service Risk,"Referral reward, membership tier, dan reward review positif","In-app, email, referral link","Referral rate, retention rate, review rate",25,Female,Single,Student,No Income,3
CUST-0225,Hana Salsabila,0.118612927551861,Low Risk,Service Risk,"Referral reward, membership tier, dan reward review positif","In-app, email, referral link","Referral rate, retention rate, review rate",22,Female,Single,Student,No Income,2
CUST-0080,Doni Kurniawan,0.11527064413995,Low Risk,General Risk,"Referral reward, membership tier, dan reward review positif","In-app, email, referral link","Referral rate, retention rate, review rate",22,Male,Single,Student,No Income,3
CUST-0007,Tono Wijaya,0.1152503882945724,Low Risk,Service Risk,"Referral reward, membership tier, dan reward review positif","In-app, email, referral link","Referral rate, retention rate, review rate",22,Male,Single,Student,No Income,3
CUST-0284,Indra Salsabila,0.1135600463904051,Low Risk,General Risk,"Referral reward, membership tier, dan reward review positif","In-app, email, referral link","Referral rate, retention rate, review rate",22,Male,Married,Self Employeed,10001 to 25000,3
CUST-0032,Rafi Nugroho,0.1111851545000668,Low Risk,Service Risk,"Referral reward, membership tier, dan reward review positif","In-app, email, referral link","Referral rate, retention rate, review rate",22,Male,Single,Student,No Income,4
CUST-0066,Kartika Saputra,0.1110532720280148,Low Risk,General Risk,"Referral reward, membership tier, dan reward review positif","In-app, email, referral link","Referral rate, retention rate, review rate",23,Female,Single,Student,No Income,4
CUST-0001,Citra Pratama,0.1088663694889374,Low Risk,General Risk,"Referral reward, membership tier, dan reward review positif","In-app, email, referral link","Referral rate, retention rate, review rate",20,Female,Single,Student,No Income,4
CUST-0016,Tari Santoso,0.1056460942122443,Low Risk,Service Risk,"Referral reward, membership tier, dan reward review positif","In-app, email, referral link","Referral rate, retention rate, review rate",24,Female,Single,Student,No Income,6
CUST-0055,Nisa Utami,0.1021366681087905,Low Risk,General Risk,"Referral reward, membership tier, dan reward review positif","In-app, email, referral link","Referral rate, retention rate, review rate",22,Female,Single,Student,No Income,1
CUST-0082,Dewi Ramadhani,0.0989609906398849,Low Risk,General Risk,"Referral reward, membership tier, dan reward review positif","In-app, email, referral link","Referral rate, retention rate, review rate",24,Female,Single,Student,No Income,4
CUST-0221,Andi Putra,0.0985760026099057,Low Risk,General Risk,"Referral reward, membership tier, dan reward review positif","In-app, email, referral link","Referral rate, retention rate, review rate",24,Male,Single,Student,No Income,2
CUST-0047,Lina Firmansyah,0.0944749287126761,Low Risk,General Risk,"Referral reward, membership tier, dan reward review positif","In-app, email, referral link","Referral rate, retention rate, review rate",24,Female,Single,Student,No Income,3
CUST-0075,Nisa Permana,0.0859896826198857,Low Risk,Service Risk,"Referral reward, membership tier, dan reward review positif","In-app, email, referral link","Referral rate, retention rate, review rate",22,Female,Single,Student,No Income,3
CUST-0014,Dimas Permana,0.085535978761402,Low Risk,General Risk,"Referral reward, membership tier, dan reward review positif","In-app, email, referral link","Referral rate, retention rate, review rate",21,Male,Single,Student,No Income,4
CUST-0062,Budi Pratama,0.0826290670126655,Low Risk,Promo Risk,"Referral reward, membership tier, dan reward review positif","In-app, email, referral link","Referral rate, retention rate, review rate",23,Male,Single,Student,No Income,4
CUST-0040,Nadia Putra,0.0554449265886269,Low Risk,General Risk,"Referral reward, membership tier, dan reward review positif","In-app, email, referral link","Referral rate, retention rate, review rate",23,Female,Single,Student,No Income,4
